control_id;artikel;verplichting;control;implementatiemechanisme;scope;eigenaar;evidence;frequentie;status:AIS-001-amalia;status:AIS-002-braincell;toelichting:AIS-001-amalia;toelichting:AIS-002-braincell
C-01;Art. 6, 7, Bijlage III;Risicoclassificatie per AI-systeem;Elke AI-workload draagt een geverifieerde risicoklasse en staat in het AI-systeemregister;policies/kyverno/01-require-risk-class-label.yaml, policies/opa/ai_act/inventory.rego, docs/ai-systeemregister.yaml;alle;compliance@itlusions.nl;Kyverno policy report, opa test-output, register in Git;per deploy + kwartaalreview;implemented;implemented;Label en registerentry aanwezig;Label en registerentry aanwezig
C-02;Art. 9;Risicomanagementsysteem over de hele levenscyclus;Risicoanalyse per systeem vastgelegd en herzien bij elke majorrelease;docs/risicoanalyse-<system-id>.md, reviewissue in GitHub;high;compliance@itlusions.nl;Ondertekende risicoanalyse, reviewhistorie in Git;per majorrelease + halfjaarlijks;planned;n/a;docs/risicoanalyse-AIS-001-amalia.md moet nog worden opgesteld;"Geen hoogrisicosysteem; wel jaarlijkse herbeoordeling van de classificatie"
C-03;Art. 10;Data governance en datakwaliteit;Geen training/finetune zonder compleet, gesigneerd lineage-manifest inclusief bias-assessment;policies/opa/ai_act/data_governance.rego, ci/check-dataset.sh, examples/lineage-manifest.yaml;high;dpo@itlusions.nl;CI-gate-log, cosign-signatuur op manifest, DPIA-referentie;per training run;partial;n/a;"Lineage-manifest bestaat; bias-assessment nog niet uitgevoerd";"Geen eigen training; alleen inferentie op ingekochte modellen"
C-04;Art. 10, Art. 15;Toegangsbeheer op trainingsdata;Just-in-time toegang tot dataopslag via Entra ID PIM en Conditional Access;Entra ID PIM-rol AI-Data-Reader, CA-policy require-mfa-ai-data;high, limited;security@itlusions.nl;PIM-activatielog, Entra sign-in logs;continu, kwartaalcontrole;planned;n/a;PIM-rol AI-Data-Reader moet nog worden ingericht;Geen eigen trainingsdataopslag
C-05;Art. 11, Bijlage IV;Technische documentatie;Model card wordt per release automatisch gegenereerd en gepubliceerd als artifact;ci/generate-model-card.sh, workflow model-release;high, limited;n.weistra@itlusions.nl;Model card per release-tag, GitHub artifact + Git-historie;per release;implemented;partial;Model card wordt gegenereerd in workflow model-release;Model card beperkt tot versie- en herkomstinformatie
C-06;Art. 12;Automatische registratie van gebeurtenissen;"Audit-sidecar wordt automatisch geïnjecteerd; logs hash-chained en herleidbaar tot SPIFFE-id";policies/kyverno/02-inject-audit-sidecar.yaml;high, limited;platform@itlusions.nl;Admission-log, steekproef audit-events met geldige hash-chain;per deploy + maandelijkse steekproef;implemented;implemented;Sidecar-injectie actief;Sidecar-injectie actief
C-07;Art. 12 lid 3;Logretentie gedurende de gedocumenteerde periode;Retentie afgedwongen als policy-as-code op storage (7 jaar);infra/azure-log-retention.json, gate in policies/opa/ai_act/release.rego;high, limited;platform@itlusions.nl;Lifecycle-policy export, release-gate-output;per deploy + jaarlijkse controle;partial;implemented;Lifecycle-policy gedefinieerd, nog niet toegepast op het storage account;Retentie 365 dagen
C-08;Art. 13, Art. 50;Transparantie richting eindgebruiker;"Elke AI-respons draagt disclosure-headers; deployment draagt disclosure-metadata";infra/gateway-transparency-plugin.yaml, policies/kyverno/06-require-transparency-metadata.yaml, tests/test_transparency_contract.py;high, limited;product@itlusions.nl;Gateway-config in Git, contract-testresultaat per pipeline-run;per release;implemented;implemented;Headers en contract-test aanwezig;Disclosure-headers actief (Art. 50)
C-09;Art. 14;Menselijk toezicht bij productie-inzet;Deployment naar ai-prod vereist menselijke approval met traceerbaar ticket;policies/kyverno/03-require-human-approval-prod.yaml, GitHub environment ai-production;high, limited;compliance@itlusions.nl;Approval-annotatie op resource, GitHub environment approval-log;per deploy;implemented;implemented;Approval-gate actief op ai-prod;Approval-gate actief op ai-prod
C-10;Art. 14 lid 4;Onderbreken van de werking (kill-switch);Hoogrisicosysteem exposeert een geteste kill-switch met runbook;policies/kyverno/03-require-human-approval-prod.yaml (rule require-kill-switch-probe), docs/runbook-kill-switch.md;high;platform@itlusions.nl;Runbook plus testbewijs van halfjaarlijkse kill-switch-oefening;halfjaarlijks;partial;n/a;"Endpoint bestaat; halfjaarlijkse oefening nog niet gepland";Geen hoogrisicosysteem
C-11;Art. 15;Integriteit van model en inferentie-image;Alleen cosign-gesigneerde images uit de eigen registry mogen draaien;policies/kyverno/04-verify-model-signature.yaml;alle;security@itlusions.nl;Sigstore-transparantielog (Rekor), Kyverno verifyImages-report;per deploy;partial;partial;"Policy klaar; cosign public key moet nog worden ingevuld";"Policy klaar; cosign public key moet nog worden ingevuld"
C-12;Art. 15;Werkidentiteit en mTLS voor AI-verkeer;"SPIFFE-id verplicht; hoogrisico alleen op TPM-geattesteerde Talos-nodes";policies/kyverno/05-require-spiffe-attestation.yaml, SPIRE-serverconfig;high, limited;platform@itlusions.nl;SPIRE attestation-log, nodelabel-audit;continu;implemented;implemented;SPIFFE-id en nodeSelector afgedwongen;SPIFFE-id afgedwongen
C-13;Art. 15 lid 1;Nauwkeurigheid conform gedocumenteerd niveau;Release wordt geblokkeerd als de gemeten nauwkeurigheid onder de drempel ligt;policies/opa/ai_act/release.rego, ci/check-release.sh;high;n.weistra@itlusions.nl;build/release-input.json en gate-log per release;per release;implemented;n/a;Drempel 0,90 in de release-gate;Geen gedocumenteerd nauwkeurigheidsniveau
C-14;Art. 15 lid 5;Weerbaarheid tegen aanvallen;Jaarlijkse pentest/redteam op AI-endpoints inclusief prompt injection en model extraction;Externe opdracht, bevindingen als GitHub issues;high;security@itlusions.nl;Pentestrapport, afgeronde remediatie-issues;jaarlijks;planned;planned;Pentest nog te beleggen;Meenemen in dezelfde pentestopdracht als Amalia
C-15;Art. 17;Kwaliteitsmanagementsysteem;Alle controls zijn policy-as-code in Git met verplichte review;Branch protection op main, CI-workflow ai-act-compliance;high;compliance@itlusions.nl;CI-runs, PR-reviewhistorie;continu;implemented;implemented;CI-workflow actief;CI-workflow actief
C-16;Art. 72;Post-market monitoring;Drift, nauwkeurigheid, override-ratio en loggingcontinuïteit worden gealerteerd;monitoring/prometheus-rules.yaml;high, limited;platform@itlusions.nl;Alertmanager-historie, dashboard-export, kwartaalrapportage;continu plus kwartaalrapportage;implemented;partial;Alerts uitgerold;Alleen loggingcontinuïteit gealerteerd
C-17;Art. 73;Melding van ernstige incidenten;Incidentproces met meldtermijn bewaakt door alert en runbook;monitoring/prometheus-rules.yaml (SeriousIncidentReportingWindow), docs/runbook-incident.md;high;compliance@itlusions.nl;Incidentregister, verzonden meldingen;per incident;planned;n/a;Incidentrunbook nog te schrijven;"Meldplicht Art. 73 niet van toepassing; interne incidentafhandeling volstaat"
C-18;Art. 43;Conformiteitsbeoordeling;Interne conformiteitsbeoordeling vóór ingebruikname, evidence-bundel per systeem;CI-artifacts plus controlmatrix-review;high;compliance@itlusions.nl;Evidence-bundel per systeem, ondertekende beoordeling;vóór ingebruikname en bij substantiële wijziging;planned;n/a;Conformiteitsbeoordeling nog niet uitgevoerd;Geen conformiteitsbeoordeling vereist
C-19;Art. 4;AI-geletterdheid van personeel;Verplichte AI Act-training voor iedereen die AI-systemen bouwt of bedient;Trainingsprogramma plus registratie in HR-systeem;alle;hr@itlusions.nl;Deelnameregistratie, trainingsmateriaal met versiedatum;jaarlijks;planned;planned;Training nog te organiseren;Zelfde training als Amalia
